algorithm,elapsed_sec,cpu_sec,cpu_utilization_pct,rss_before_mb,rss_after_mb,rss_delta_mb,tracemalloc_peak_mb,cube_rows,output_storage_kb,run_id,repeat,dataset_rows,seed,data_path,raw_limit,clean_rows,min_sup
Star-cubing baseline,7353.284436,6812.875,92.651,1307.352,1240.09,-67.262,85.287,57637,1925.487,1,1,4962783,20260418,data\pos_data.csv,5000000,4962783,18000000.0
Star-cubing enhanced,221.415128,209.171875,94.47,1283.691,1311.117,27.426,46.627,57252,1912.99,2,1,4962783,20260418,data\pos_data.csv,5000000,4962783,18000000.0
BUC,980.524529,964.875,98.404,1283.789,1311.773,27.984,100.344,57637,1925.487,3,1,4962783,20260418,data\pos_data.csv,5000000,4962783,18000000.0
Bottom-up,3540.879898,3475.484375,98.153,1289.336,1314.035,24.699,87.717,57637,1925.487,4,1,4962783,20260418,data\pos_data.csv,5000000,4962783,18000000.0
