algorithm,elapsed_sec_mean,cpu_sec_mean,tracemalloc_peak_mb_mean,output_storage_kb_mean,cube_rows_mean
BUC,0.24533533333333332,0.23958333333333334,1.8033333333333335,97.58166666666666,2731.6666666666665
Star-cubing,0.28875,0.2916666666666667,1.6623333333333334,73.01166666666667,1866.6666666666667
Bottom-up,2.994931,2.9010416666666665,2.7003333333333335,109.07433333333334,2731.6666666666665
