algorithm,elapsed_sec_mean,cpu_sec_mean,tracemalloc_peak_mb_mean,output_storage_kb_mean,cube_rows_mean
Star-cubing enhanced,221.415128,209.171875,46.627,1912.99,57252.0
BUC,980.524529,964.875,100.344,1925.487,57637.0
Bottom-up,3540.879898,3475.484375,87.717,1925.487,57637.0
Star-cubing baseline,7353.284436,6812.875,85.287,1925.487,57637.0
